athlete_id;comp_id;cat;rank;points
CRO00021;WC2018CRO;M;1;104
CZE00013;WC2018CRO;M;2;84
CRO00030;WC2018CRO;M;3;64
CRO00025;WC2018CRO;M;4;43
RUS00051;WC2018CRO;M;5;33
RUS00063;WC2018CRO;M;6;29
RUS00064;WC2018CRO;M;7;19
CRO00011;WC2018CRO;M;8;17
CRO00039;WC2018CRO;M;9;14
RUS00066;WC2018CRO;M;10;14
CRO00036;WC2018CRO;M;11;11
RUS00057;WC2018CRO;M;12;8
CRO00041;WC2018CRO;M;13;6
GER00054;WC2018CRO;M;14;6
CZE00039;WC2018CRO;M;15;6
CRO00044;WC2018CRO;M;16;6
CZE00006;WC2018CRO;M;17;0
RUS00065;WC2018CRO;M;18;0
CZE00032;WC2018CRO;M;19;0
CRO00070;WC2018CRO;M;20;0
GER00086;WC2018CRO;M;21;0
GER00089;WC2018CRO;M;22;0
CRO00028;WC2018CRO;W;1;102
CRO00004;WC2018CRO;W;2;72
CRO00007;WC2018CRO;W;3;64
CRO00042;WC2018CRO;W;4;54
CRO00066;WC2018CRO;W;5;31
CRO00046;WC2018CRO;W;6;23
CZE00027;WC2018CRO;W;7;20
RUS00052;WC2018CRO;W;8;15
CRO00043;WC2018CRO;W;9;14
CZE00030;WC2018CRO;W;10;9
CRO00065;WC2018CRO;W;11;7
CZE00029;WC2018CRO;W;12;5
CRO00071;WC2018CRO;W;13;4
GER00053;WC2018CRO;W;14;4
CRO00021;ECH2018EST;M;1;249
CRO00025;ECH2018EST;M;2;188
CRO00030;ECH2018EST;M;3;125
CZE00013;ECH2018EST;M;4;104,5
FRA00033;ECH2018EST;M;5;68,5
GER00017;ECH2018EST;M;6;68,5
FRA00025;ECH2018EST;M;7;61
GER00034;ECH2018EST;M;8;41,5
CRO00036;ECH2018EST;M;9;40,5
RUS00051;ECH2018EST;M;10;39,5
RUS00066;ECH2018EST;M;11;32,5
RUS00064;ECH2018EST;M;12;32
RUS00063;ECH2018EST;M;13;29
FRA00046;ECH2018EST;M;14;19
CRO00011;ECH2018EST;M;15;17
EST00020;ECH2018EST;M;16;16
CRO00039;ECH2018EST;M;17;14
FRA00055;ECH2018EST;M;18;14
RUS00057;ECH2018EST;M;19;8
GER00055;ECH2018EST;M;20;6,5
GER00075;ECH2018EST;M;21;6,5
RUS00053;ECH2018EST;M;22;6,5
FRA00035;ECH2018EST;M;23;6,5
FRA00052;ECH2018EST;M;24;6,5
CRO00041;ECH2018EST;M;25;6
CZE00039;ECH2018EST;M;26;6
GER00054;ECH2018EST;M;27;6
CRO00044;ECH2018EST;M;28;6
GER00048;ECH2018EST;M;29;0
FRA00049;ECH2018EST;M;30;0
FRA00051;ECH2018EST;M;31;0
FRA00057;ECH2018EST;M;32;0
AUT00012;ECH2018EST;M;33;0
GER00003;ECH2018EST;M;34;0
EST00031;ECH2018EST;M;35;0
FRA00020;ECH2018EST;M;36;0
AUT00006;ECH2018EST;M;37;0
SUI00007;ECH2018EST;M;38;0
GER00035;ECH2018EST;M;39;0
FIN00030;ECH2018EST;M;40;0
RUS00090;ECH2018EST;M;41;0
EST00051;ECH2018EST;M;42;0
FRA00036;ECH2018EST;M;43;0
SUI00022;ECH2018EST;M;44;0
EST00010;ECH2018EST;M;45;0
CZE00031;ECH2018EST;M;46;0
HUN00021;ECH2018EST;M;47;0
EST00032;ECH2018EST;M;48;0
EST00016;ECH2018EST;M;49;0
AUT00018;ECH2018EST;M;50;0
CZE00034;ECH2018EST;M;51;0
FIN00004;ECH2018EST;M;52;0
FIN00053;ECH2018EST;M;53;0
AUT00015;ECH2018EST;M;54;0
HUN00024;ECH2018EST;M;55;0
SWE00011;ECH2018EST;M;56;0
EST00035;ECH2018EST;M;57;0
CZE00032;ECH2018EST;M;58;0
IRL00001;ECH2018EST;M;59;0
EST00050;ECH2018EST;M;60;0
EST00052;ECH2018EST;M;61;0
CZE00006;ECH2018EST;M;62;0
RUS00065;ECH2018EST;M;63;0
CRO00070;ECH2018EST;M;64;0
GER00086;ECH2018EST;M;65;0
GER00089;ECH2018EST;M;66;0
CRO00028;ECH2018EST;W;1;241
CRO00007;ECH2018EST;W;2;134
GER00026;ECH2018EST;W;3;124
CRO00004;ECH2018EST;W;4;122,5
CRO00042;ECH2018EST;W;5;101,5
GER00061;ECH2018EST;W;6;89,5
FRA00044;ECH2018EST;W;7;31
CRO00066;ECH2018EST;W;8;31
RUS00018;ECH2018EST;W;9;26,5
FRA00027;ECH2018EST;W;10;23,5
RUS00052;ECH2018EST;W;11;23,5
CZE00027;ECH2018EST;W;12;23,5
CRO00046;ECH2018EST;W;13;23
CRO00043;ECH2018EST;W;14;22,5
RUS00043;ECH2018EST;W;15;14,5
CZE00030;ECH2018EST;W;16;9
CZE00029;ECH2018EST;W;17;8,5
RUS00056;ECH2018EST;W;18;7
GER00037;ECH2018EST;W;19;7
CRO00065;ECH2018EST;W;20;7
FRA00040;ECH2018EST;W;21;6,5
CRO00071;ECH2018EST;W;22;4
GER00053;ECH2018EST;W;23;4
CZE00038;ECH2018EST;W;24;3,5
EST00008;ECH2018EST;W;25;0
HUN00026;ECH2018EST;W;26;0
HUN00008;ECH2018EST;W;27;0
HUN00007;ECH2018EST;W;28;0
EST00037;ECH2018EST;W;29;0
FIN00038;ECH2018EST;W;30;0
EST00048;ECH2018EST;W;31;0
CRO00021;WC2018CZE;M;1;249
CRO00030;WC2018CZE;M;2;203
CRO00025;WC2018CZE;M;3;188
CZE00013;WC2018CZE;M;4;144,5
CRO00036;WC2018CZE;M;5;126,5
RUS00051;WC2018CZE;M;6;125,5
FRA00033;WC2018CZE;M;7;68,5
GER00017;WC2018CZE;M;8;68,5
FRA00025;WC2018CZE;M;9;61
RUS00064;WC2018CZE;M;10;58
RUS00053;WC2018CZE;M;11;54,5
RUS00063;WC2018CZE;M;12;48
RUS00066;WC2018CZE;M;13;44,5
GER00034;WC2018CZE;M;14;41,5
RUS00057;WC2018CZE;M;15;34
CRO00011;WC2018CZE;M;16;31
CRO00039;WC2018CZE;M;17;22
CZE00028;WC2018CZE;M;18;21
FRA00046;WC2018CZE;M;19;19
EST00020;WC2018CZE;M;20;16
FRA00055;WC2018CZE;M;21;14
HUN00019;WC2018CZE;M;22;8
CZE00031;WC2018CZE;M;23;8
HUN00021;WC2018CZE;M;24;8
GER00055;WC2018CZE;M;25;6,5
GER00075;WC2018CZE;M;26;6,5
FRA00035;WC2018CZE;M;27;6,5
FRA00052;WC2018CZE;M;28;6,5
CZE00039;WC2018CZE;M;29;6
CRO00041;WC2018CZE;M;30;6
GER00054;WC2018CZE;M;31;6
CRO00044;WC2018CZE;M;32;6
CZE00034;WC2018CZE;M;33;4
CZE00059;WC2018CZE;M;34;4
CZE00026;WC2018CZE;M;35;0
CZE00060;WC2018CZE;M;36;0
CZE00006;WC2018CZE;M;37;0
CZE00044;WC2018CZE;M;38;0
HUN00024;WC2018CZE;M;39;0
CZE00061;WC2018CZE;M;40;0
CZE00062;WC2018CZE;M;41;0
CZE00032;WC2018CZE;M;42;0
GER00086;WC2018CZE;M;43;0
HUN00041;WC2018CZE;M;44;0
GER00048;WC2018CZE;M;45;0
FRA00049;WC2018CZE;M;46;0
FRA00051;WC2018CZE;M;47;0
FRA00057;WC2018CZE;M;48;0
AUT00012;WC2018CZE;M;49;0
GER00003;WC2018CZE;M;50;0
EST00031;WC2018CZE;M;51;0
FRA00020;WC2018CZE;M;52;0
AUT00006;WC2018CZE;M;53;0
SUI00007;WC2018CZE;M;54;0
GER00035;WC2018CZE;M;55;0
FIN00030;WC2018CZE;M;56;0
RUS00090;WC2018CZE;M;57;0
EST00051;WC2018CZE;M;58;0
FRA00036;WC2018CZE;M;59;0
SUI00022;WC2018CZE;M;60;0
EST00010;WC2018CZE;M;61;0
EST00032;WC2018CZE;M;62;0
EST00016;WC2018CZE;M;63;0
AUT00018;WC2018CZE;M;64;0
FIN00004;WC2018CZE;M;65;0
FIN00053;WC2018CZE;M;66;0
AUT00015;WC2018CZE;M;67;0
SWE00011;WC2018CZE;M;68;0
EST00035;WC2018CZE;M;69;0
IRL00001;WC2018CZE;M;70;0
EST00050;WC2018CZE;M;71;0
EST00052;WC2018CZE;M;72;0
RUS00065;WC2018CZE;M;73;0
CRO00070;WC2018CZE;M;74;0
GER00089;WC2018CZE;M;75;0
CRO00028;WC2018CZE;W;1;241
CRO00042;WC2018CZE;W;2;203,5
CRO00007;WC2018CZE;W;3;134
GER00026;WC2018CZE;W;4;124
CRO00004;WC2018CZE;W;5;122,5
CRO00066;WC2018CZE;W;6;113
GER00061;WC2018CZE;W;7;89,5
CRO00043;WC2018CZE;W;8;58,5
HUN00025;WC2018CZE;W;9;54
CZE00038;WC2018CZE;W;10;47,5
CZE00027;WC2018CZE;W;11;46,5
CZE00029;WC2018CZE;W;12;36,5
FRA00044;WC2018CZE;W;13;31
RUS00018;WC2018CZE;W;14;26,5
FRA00027;WC2018CZE;W;15;23,5
RUS00052;WC2018CZE;W;16;23,5
CRO00046;WC2018CZE;W;17;23
CZE00030;WC2018CZE;W;18;19
HUN00008;WC2018CZE;W;19;15
RUS00043;WC2018CZE;W;20;14,5
CZE00043;WC2018CZE;W;21;11
GER00053;WC2018CZE;W;22;8
RUS00056;WC2018CZE;W;23;7
GER00037;WC2018CZE;W;24;7
CRO00065;WC2018CZE;W;25;7
FRA00040;WC2018CZE;W;26;6,5
CZE00042;WC2018CZE;W;27;6
CZE00040;WC2018CZE;W;28;5
CZE00024;WC2018CZE;W;29;4
CRO00071;WC2018CZE;W;30;4
EST00008;WC2018CZE;W;31;0
HUN00026;WC2018CZE;W;32;0
HUN00007;WC2018CZE;W;33;0
EST00037;WC2018CZE;W;34;0
FIN00038;WC2018CZE;W;35;0
EST00048;WC2018CZE;W;36;0
CRO00021;WCF2018RUS;M;1;300
CRO00030;WCF2018RUS;M;2;203
CRO00025;WCF2018RUS;M;3;201
CRO00036;WCF2018RUS;M;4;167,5
CZE00013;WCF2018RUS;M;5;148,5
RUS00051;WCF2018RUS;M;6;143,5
RUS00064;WCF2018RUS;M;7;81
RUS00063;WCF2018RUS;M;8;79
FRA00033;WCF2018RUS;M;9;68,5
GER00017;WCF2018RUS;M;10;68,5
FRA00025;WCF2018RUS;M;11;61
RUS00053;WCF2018RUS;M;12;59,5
RUS00066;WCF2018RUS;M;13;46,5
GER00034;WCF2018RUS;M;14;41,5
RUS00057;WCF2018RUS;M;15;36
CRO00011;WCF2018RUS;M;16;31
CZE00028;WCF2018RUS;M;17;24
CRO00039;WCF2018RUS;M;18;22
FRA00046;WCF2018RUS;M;19;19
EST00020;WCF2018RUS;M;20;16
FRA00055;WCF2018RUS;M;21;14
RUS00015;WCF2018RUS;M;22;10
HUN00019;WCF2018RUS;M;23;10
CZE00031;WCF2018RUS;M;24;10
HUN00021;WCF2018RUS;M;25;8
RUS00029;WCF2018RUS;M;26;7
GER00055;WCF2018RUS;M;27;6,5
GER00075;WCF2018RUS;M;28;6,5
FRA00035;WCF2018RUS;M;29;6,5
FRA00052;WCF2018RUS;M;30;6,5
CZE00039;WCF2018RUS;M;31;6
CRO00041;WCF2018RUS;M;32;6
GER00054;WCF2018RUS;M;33;6
CRO00044;WCF2018RUS;M;34;6
CZE00034;WCF2018RUS;M;35;4
CZE00059;WCF2018RUS;M;36;4
RUS00110;WCF2018RUS;M;37;2
CZE00026;WCF2018RUS;M;38;0
CZE00060;WCF2018RUS;M;39;0
CZE00006;WCF2018RUS;M;40;0
CZE00044;WCF2018RUS;M;41;0
HUN00024;WCF2018RUS;M;42;0
CZE00061;WCF2018RUS;M;43;0
CZE00062;WCF2018RUS;M;44;0
CZE00032;WCF2018RUS;M;45;0
GER00086;WCF2018RUS;M;46;0
HUN00041;WCF2018RUS;M;47;0
GER00048;WCF2018RUS;M;48;0
FRA00049;WCF2018RUS;M;49;0
FRA00051;WCF2018RUS;M;50;0
FRA00057;WCF2018RUS;M;51;0
AUT00012;WCF2018RUS;M;52;0
GER00003;WCF2018RUS;M;53;0
EST00031;WCF2018RUS;M;54;0
FRA00020;WCF2018RUS;M;55;0
AUT00006;WCF2018RUS;M;56;0
SUI00007;WCF2018RUS;M;57;0
GER00035;WCF2018RUS;M;58;0
FIN00030;WCF2018RUS;M;59;0
RUS00090;WCF2018RUS;M;60;0
EST00051;WCF2018RUS;M;61;0
FRA00036;WCF2018RUS;M;62;0
SUI00022;WCF2018RUS;M;63;0
EST00010;WCF2018RUS;M;64;0
EST00032;WCF2018RUS;M;65;0
EST00016;WCF2018RUS;M;66;0
AUT00018;WCF2018RUS;M;67;0
FIN00004;WCF2018RUS;M;68;0
FIN00053;WCF2018RUS;M;69;0
AUT00015;WCF2018RUS;M;70;0
SWE00011;WCF2018RUS;M;71;0
EST00035;WCF2018RUS;M;72;0
IRL00001;WCF2018RUS;M;73;0
EST00050;WCF2018RUS;M;74;0
EST00052;WCF2018RUS;M;75;0
RUS00065;WCF2018RUS;M;76;0
CRO00070;WCF2018RUS;M;77;0
GER00089;WCF2018RUS;M;78;0
CRO00028;WCF2018RUS;W;1;282
CRO00042;WCF2018RUS;W;2;226,5
CRO00007;WCF2018RUS;W;3;134
CRO00004;WCF2018RUS;W;4;124,5
GER00026;WCF2018RUS;W;5;124
CRO00066;WCF2018RUS;W;6;113
GER00061;WCF2018RUS;W;7;89,5
RUS00043;WCF2018RUS;W;8;65,5
HUN00025;WCF2018RUS;W;9;61
CRO00043;WCF2018RUS;W;10;58,5
RUS00018;WCF2018RUS;W;11;57,5
CZE00038;WCF2018RUS;W;12;50,5
CZE00027;WCF2018RUS;W;13;48,5
CZE00029;WCF2018RUS;W;14;38,5
FRA00044;WCF2018RUS;W;15;31
RUS00052;WCF2018RUS;W;16;28,5
FRA00027;WCF2018RUS;W;17;23,5
CRO00046;WCF2018RUS;W;18;23
CZE00030;WCF2018RUS;W;19;19
RUS00012;WCF2018RUS;W;20;18
HUN00008;WCF2018RUS;W;21;17
RUS00072;WCF2018RUS;W;22;13
RUS00056;WCF2018RUS;W;23;11
CZE00043;WCF2018RUS;W;24;11
RUS00111;WCF2018RUS;W;25;10
GER00053;WCF2018RUS;W;26;8
GER00037;WCF2018RUS;W;27;7
CRO00065;WCF2018RUS;W;28;7
FRA00040;WCF2018RUS;W;29;6,5
CZE00042;WCF2018RUS;W;30;6
CZE00040;WCF2018RUS;W;31;5
CZE00024;WCF2018RUS;W;32;4
CRO00071;WCF2018RUS;W;33;4
RUS00112;WCF2018RUS;W;34;2
EST00008;WCF2018RUS;W;35;0
HUN00026;WCF2018RUS;W;36;0
HUN00007;WCF2018RUS;W;37;0
EST00037;WCF2018RUS;W;38;0
FIN00038;WCF2018RUS;W;39;0
EST00048;WCF2018RUS;W;40;0
CRO00021;WC2019CRO;M;1;248
CRO00036;WC2019CRO;M;2;198,5
CRO00025;WC2019CRO;M;3;172
CRO00030;WC2019CRO;M;4;163
RUS00051;WC2019CRO;M;5;116,5
FRA00033;WC2019CRO;M;6;68,5
GER00017;WC2019CRO;M;7;68,5
CZE00013;WC2019CRO;M;8;67,5
RUS00064;WC2019CRO;M;9;67
FRA00025;WC2019CRO;M;10;61
RUS00053;WC2019CRO;M;11;59,5
RUS00063;WC2019CRO;M;12;53
GER00034;WC2019CRO;M;13;41,5
RUS00066;WC2019CRO;M;14;35,5
CRO00045;WC2019CRO;M;15;32
RUS00057;WC2019CRO;M;16;31
RUS00029;WC2019CRO;M;17;26
CZE00028;WC2019CRO;M;18;24
CRO00039;WC2019CRO;M;19;19
FRA00046;WC2019CRO;M;20;19
EST00020;WC2019CRO;M;21;16
HUN00019;WC2019CRO;M;22;14
CRO00011;WC2019CRO;M;23;14
FRA00055;WC2019CRO;M;24;14
RUS00015;WC2019CRO;M;25;10
CZE00031;WC2019CRO;M;26;10
CRO00041;WC2019CRO;M;27;8
HUN00021;WC2019CRO;M;28;8
GER00055;WC2019CRO;M;29;6,5
GER00075;WC2019CRO;M;30;6,5
FRA00035;WC2019CRO;M;31;6,5
FRA00052;WC2019CRO;M;32;6,5
CZE00034;WC2019CRO;M;33;4
CZE00059;WC2019CRO;M;34;4
SUI00023;WC2019CRO;M;35;3
RUS00110;WC2019CRO;M;36;2
RUS00070;WC2019CRO;M;37;0
AUT00012;WC2019CRO;M;38;0
SUI00007;WC2019CRO;M;39;0
CZE00039;WC2019CRO;M;40;0
AUT00006;WC2019CRO;M;41;0
CZE00032;WC2019CRO;M;42;0
CZE00026;WC2019CRO;M;43;0
CZE00060;WC2019CRO;M;44;0
CZE00006;WC2019CRO;M;45;0
CZE00044;WC2019CRO;M;46;0
HUN00024;WC2019CRO;M;47;0
CZE00061;WC2019CRO;M;48;0
CZE00062;WC2019CRO;M;49;0
GER00086;WC2019CRO;M;50;0
HUN00041;WC2019CRO;M;51;0
GER00048;WC2019CRO;M;52;0
FRA00049;WC2019CRO;M;53;0
FRA00051;WC2019CRO;M;54;0
FRA00057;WC2019CRO;M;55;0
GER00003;WC2019CRO;M;56;0
EST00031;WC2019CRO;M;57;0
FRA00020;WC2019CRO;M;58;0
GER00035;WC2019CRO;M;59;0
FIN00030;WC2019CRO;M;60;0
RUS00090;WC2019CRO;M;61;0
EST00051;WC2019CRO;M;62;0
FRA00036;WC2019CRO;M;63;0
SUI00022;WC2019CRO;M;64;0
EST00010;WC2019CRO;M;65;0
EST00032;WC2019CRO;M;66;0
EST00016;WC2019CRO;M;67;0
AUT00018;WC2019CRO;M;68;0
FIN00004;WC2019CRO;M;69;0
FIN00053;WC2019CRO;M;70;0
AUT00015;WC2019CRO;M;71;0
SWE00011;WC2019CRO;M;72;0
EST00035;WC2019CRO;M;73;0
IRL00001;WC2019CRO;M;74;0
EST00050;WC2019CRO;M;75;0
EST00052;WC2019CRO;M;76;0
CRO00028;WC2019CRO;W;1;231
CRO00042;WC2019CRO;W;2;195,5
GER00026;WC2019CRO;W;3;124
CRO00066;WC2019CRO;W;4;95
GER00061;WC2019CRO;W;5;89,5
RUS00018;WC2019CRO;W;6;88,5
RUS00043;WC2019CRO;W;7;72,5
CRO00007;WC2019CRO;W;8;70
CRO00043;WC2019CRO;W;9;62,5
HUN00025;WC2019CRO;W;10;61
RUS00052;WC2019CRO;W;11;54,5
CRO00004;WC2019CRO;W;12;52,5
CZE00038;WC2019CRO;W;13;52,5
CZE00029;WC2019CRO;W;14;37,5
CZE00027;WC2019CRO;W;15;31,5
FRA00044;WC2019CRO;W;16;31
FRA00027;WC2019CRO;W;17;23,5
RUS00056;WC2019CRO;W;18;21
RUS00012;WC2019CRO;W;19;18
HUN00008;WC2019CRO;W;20;17
CZE00030;WC2019CRO;W;21;15
CZE00043;WC2019CRO;W;22;13
RUS00072;WC2019CRO;W;23;13
RUS00111;WC2019CRO;W;24;12
CZE00042;WC2019CRO;W;25;8
GER00037;WC2019CRO;W;26;7
FRA00040;WC2019CRO;W;27;6,5
CZE00040;WC2019CRO;W;28;5
GER00053;WC2019CRO;W;29;4
CZE00024;WC2019CRO;W;30;4
RUS00067;WC2019CRO;W;31;2
RUS00112;WC2019CRO;W;32;2
EST00008;WC2019CRO;W;33;0
CRO00046;WC2019CRO;W;34;0
HUN00026;WC2019CRO;W;35;0
HUN00007;WC2019CRO;W;36;0
EST00037;WC2019CRO;W;37;0
FIN00038;WC2019CRO;W;38;0
EST00048;WC2019CRO;W;39;0
CRO00021;WC2019CZE;M;1;302
CRO00036;WC2019CZE;M;2;242,5
CRO00030;WC2019CZE;M;3;184
CRO00025;WC2019CZE;M;4;172
RUS00051;WC2019CZE;M;5;132,5
FRA00033;WC2019CZE;M;6;102,5
CZE00013;WC2019CZE;M;7;93,5
GER00017;WC2019CZE;M;8;68,5
RUS00064;WC2019CZE;M;9;67
FRA00025;WC2019CZE;M;10;61
RUS00053;WC2019CZE;M;11;59,5
RUS00063;WC2019CZE;M;12;53
GER00034;WC2019CZE;M;13;41,5
RUS00066;WC2019CZE;M;14;35,5
RUS00029;WC2019CZE;M;15;34
FRA00046;WC2019CZE;M;16;32
CRO00045;WC2019CZE;M;17;32
RUS00057;WC2019CZE;M;18;31
CRO00039;WC2019CZE;M;19;26
CZE00028;WC2019CZE;M;20;24
FRA00055;WC2019CZE;M;21;19
EST00020;WC2019CZE;M;22;16
HUN00019;WC2019CZE;M;23;14
CRO00011;WC2019CZE;M;24;14
CRO00041;WC2019CZE;M;25;13
FRA00052;WC2019CZE;M;26;11,5
FRA00008;WC2019CZE;M;27;10
RUS00015;WC2019CZE;M;28;10
CZE00031;WC2019CZE;M;29;10
HUN00021;WC2019CZE;M;30;8
GER00055;WC2019CZE;M;31;6,5
GER00075;WC2019CZE;M;32;6,5
FRA00035;WC2019CZE;M;33;6,5
FRA00012;WC2019CZE;M;34;6
FRA00049;WC2019CZE;M;35;5
CRO00044;WC2019CZE;M;36;5
CZE00034;WC2019CZE;M;37;4
CZE00059;WC2019CZE;M;38;4
SUI00023;WC2019CZE;M;39;3
RUS00110;WC2019CZE;M;40;2
FRA00020;WC2019CZE;M;41;0
AUT00018;WC2019CZE;M;42;0
AUT00016;WC2019CZE;M;43;0
CZE00039;WC2019CZE;M;44;0
AUT00032;WC2019CZE;M;45;0
CZE00006;WC2019CZE;M;46;0
CZE00061;WC2019CZE;M;47;0
CZE00060;WC2019CZE;M;48;0
CZE00044;WC2019CZE;M;49;0
CZE00026;WC2019CZE;M;50;0
CZE00032;WC2019CZE;M;51;0
CZE00062;WC2019CZE;M;52;0
CZE00056;WC2019CZE;M;53;0
CZE00132;WC2019CZE;M;54;0
CZE00127;WC2019CZE;M;55;0
CZE00133;WC2019CZE;M;56;0
CZE00095;WC2019CZE;M;57;0
RUS00070;WC2019CZE;M;58;0
AUT00012;WC2019CZE;M;59;0
SUI00007;WC2019CZE;M;60;0
AUT00006;WC2019CZE;M;61;0
HUN00024;WC2019CZE;M;62;0
GER00086;WC2019CZE;M;63;0
HUN00041;WC2019CZE;M;64;0
GER00048;WC2019CZE;M;65;0
FRA00051;WC2019CZE;M;66;0
FRA00057;WC2019CZE;M;67;0
GER00003;WC2019CZE;M;68;0
EST00031;WC2019CZE;M;69;0
GER00035;WC2019CZE;M;70;0
FIN00030;WC2019CZE;M;71;0
RUS00090;WC2019CZE;M;72;0
EST00051;WC2019CZE;M;73;0
FRA00036;WC2019CZE;M;74;0
SUI00022;WC2019CZE;M;75;0
EST00010;WC2019CZE;M;76;0
EST00032;WC2019CZE;M;77;0
EST00016;WC2019CZE;M;78;0
FIN00004;WC2019CZE;M;79;0
FIN00053;WC2019CZE;M;80;0
AUT00015;WC2019CZE;M;81;0
SWE00011;WC2019CZE;M;82;0
EST00035;WC2019CZE;M;83;0
IRL00001;WC2019CZE;M;84;0
EST00050;WC2019CZE;M;85;0
EST00052;WC2019CZE;M;86;0
CRO00028;WC2019CZE;W;1;283
CRO00042;WC2019CZE;W;2;214,5
GER00026;WC2019CZE;W;3;124
RUS00018;WC2019CZE;W;4;112,5
CRO00066;WC2019CZE;W;5;95
CRO00004;WC2019CZE;W;6;94,5
GER00061;WC2019CZE;W;7;90
RUS00052;WC2019CZE;W;8;86,5
RUS00043;WC2019CZE;W;9;75,5
CRO00007;WC2019CZE;W;10;70
CRO00043;WC2019CZE;W;11;65,5
HUN00025;WC2019CZE;W;12;61
CZE00038;WC2019CZE;W;13;52,5
CZE00029;WC2019CZE;W;14;40,5
FRA00044;WC2019CZE;W;15;39
CZE00027;WC2019CZE;W;16;36,5
FRA00027;WC2019CZE;W;17;23,5
CZE00030;WC2019CZE;W;18;21
RUS00056;WC2019CZE;W;19;21
RUS00012;WC2019CZE;W;20;18
HUN00008;WC2019CZE;W;21;17
CZE00043;WC2019CZE;W;22;16
FRA00023;WC2019CZE;W;23;14
RUS00072;WC2019CZE;W;24;13
RUS00111;WC2019CZE;W;25;12
FRA00053;WC2019CZE;W;26;11
CZE00042;WC2019CZE;W;27;11
FRA00040;WC2019CZE;W;28;10,5
GER00037;WC2019CZE;W;29;7
CZE00040;WC2019CZE;W;30;5
CZE00024;WC2019CZE;W;31;4
GER00053;WC2019CZE;W;32;4
RUS00067;WC2019CZE;W;33;2
RUS00112;WC2019CZE;W;34;2
CZE00033;WC2019CZE;W;35;0
CZE00131;WC2019CZE;W;36;0
EST00008;WC2019CZE;W;37;0
CRO00046;WC2019CZE;W;38;0
HUN00026;WC2019CZE;W;39;0
HUN00007;WC2019CZE;W;40;0
EST00037;WC2019CZE;W;41;0
FIN00038;WC2019CZE;W;42;0
EST00048;WC2019CZE;W;43;0
CRO00021;WCH2019RUS;M;1;454
CRO00030;WCH2019RUS;M;2;294
CRO00036;WCH2019RUS;M;3;194,5
CRO00025;WCH2019RUS;M;4;194
GER00017;WCH2019RUS;M;5;180,5
RUS00051;WCH2019RUS;M;6;168,5
GER00034;WCH2019RUS;M;7;143,5
FRA00033;WCH2019RUS;M;8;102,5
CZE00013;WCH2019RUS;M;9;71,5
RUS00029;WCH2019RUS;M;10;62
FRA00025;WCH2019RUS;M;11;61
RUS00064;WCH2019RUS;M;12;59
FRA00055;WCH2019RUS;M;13;41
RUS00063;WCH2019RUS;M;14;40
CRO00045;WCH2019RUS;M;15;32
FRA00046;WCH2019RUS;M;16;32
RUS00053;WCH2019RUS;M;17;29,5
GER00055;WCH2019RUS;M;18;28,5
RUS00039;WCH2019RUS;M;19;28
CRO00039;WCH2019RUS;M;20;24
RUS00066;WCH2019RUS;M;21;23,5
FRA00035;WCH2019RUS;M;22;20,5
CRO00041;WCH2019RUS;M;23;19
EST00020;WCH2019RUS;M;24;16
FRA00052;WCH2019RUS;M;25;11,5
FRA00008;WCH2019RUS;M;26;10
RUS00015;WCH2019RUS;M;27;10
GER00075;WCH2019RUS;M;28;6,5
GER00003;WCH2019RUS;M;29;6
HUN00019;WCH2019RUS;M;30;6
FRA00012;WCH2019RUS;M;31;6
RUS00057;WCH2019RUS;M;32;5
CRO00044;WCH2019RUS;M;33;5
FRA00049;WCH2019RUS;M;34;5
SUI00023;WCH2019RUS;M;35;3
CZE00028;WCH2019RUS;M;36;3
CZE00031;WCH2019RUS;M;37;2
RUS00110;WCH2019RUS;M;38;2
RUS00042;WCH2019RUS;M;39;0
GER00035;WCH2019RUS;M;40;0
RUS00019;WCH2019RUS;M;41;0
RUS00070;WCH2019RUS;M;42;0
GER00031;WCH2019RUS;M;43;0
CRO00011;WCH2019RUS;M;44;0
RUS00059;WCH2019RUS;M;45;0
EST00010;WCH2019RUS;M;46;0
RUS00068;WCH2019RUS;M;47;0
HUN00021;WCH2019RUS;M;48;0
CZE00039;WCH2019RUS;M;49;0
EST00023;WCH2019RUS;M;50;0
CZE00044;WCH2019RUS;M;51;0
HUN00024;WCH2019RUS;M;52;0
BLR00001;WCH2019RUS;M;53;0
EST00035;WCH2019RUS;M;54;0
EST00034;WCH2019RUS;M;55;0
FRA00020;WCH2019RUS;M;56;0
AUT00018;WCH2019RUS;M;57;0
AUT00016;WCH2019RUS;M;58;0
AUT00032;WCH2019RUS;M;59;0
CZE00034;WCH2019RUS;M;60;0
CZE00006;WCH2019RUS;M;61;0
CZE00061;WCH2019RUS;M;62;0
CZE00060;WCH2019RUS;M;63;0
CZE00026;WCH2019RUS;M;64;0
CZE00032;WCH2019RUS;M;65;0
CZE00062;WCH2019RUS;M;66;0
CZE00056;WCH2019RUS;M;67;0
CZE00132;WCH2019RUS;M;68;0
CZE00127;WCH2019RUS;M;69;0
CZE00133;WCH2019RUS;M;70;0
CZE00095;WCH2019RUS;M;71;0
AUT00012;WCH2019RUS;M;72;0
SUI00007;WCH2019RUS;M;73;0
AUT00006;WCH2019RUS;M;74;0
GER00048;WCH2019RUS;M;75;0
FRA00051;WCH2019RUS;M;76;0
FRA00057;WCH2019RUS;M;77;0
EST00031;WCH2019RUS;M;78;0
FIN00030;WCH2019RUS;M;79;0
RUS00090;WCH2019RUS;M;80;0
EST00051;WCH2019RUS;M;81;0
FRA00036;WCH2019RUS;M;82;0
SUI00022;WCH2019RUS;M;83;0
EST00032;WCH2019RUS;M;84;0
EST00016;WCH2019RUS;M;85;0
FIN00004;WCH2019RUS;M;86;0
FIN00053;WCH2019RUS;M;87;0
AUT00015;WCH2019RUS;M;88;0
SWE00011;WCH2019RUS;M;89;0
IRL00001;WCH2019RUS;M;90;0
EST00050;WCH2019RUS;M;91;0
EST00052;WCH2019RUS;M;92;0
CRO00028;WCH2019RUS;W;1;491
CRO00042;WCH2019RUS;W;2;260,5
GER00026;WCH2019RUS;W;3;236
CRO00004;WCH2019RUS;W;4;216,5
GER00061;WCH2019RUS;W;5;165,5
RUS00018;WCH2019RUS;W;6;150,5
RUS00052;WCH2019RUS;W;7;146,5
RUS00043;WCH2019RUS;W;8;75,5
CRO00007;WCH2019RUS;W;9;70
CRO00043;WCH2019RUS;W;10;47,5
RUS00072;WCH2019RUS;W;11;41
FRA00044;WCH2019RUS;W;12;39
RUS00073;WCH2019RUS;W;13;28
CZE00030;WCH2019RUS;W;14;27
RUS00056;WCH2019RUS;W;15;27
RUS00012;WCH2019RUS;W;16;24
FRA00027;WCH2019RUS;W;17;23,5
HUN00025;WCH2019RUS;W;18;23
RUS00067;WCH2019RUS;W;19;18
FRA00023;WCH2019RUS;W;20;14
CZE00027;WCH2019RUS;W;21;13,5
CRO00066;WCH2019RUS;W;22;13
CZE00029;WCH2019RUS;W;23;12,5
HUN00026;WCH2019RUS;W;24;12
EST00008;WCH2019RUS;W;25;12
RUS00111;WCH2019RUS;W;26;12
FRA00053;WCH2019RUS;W;27;11
FRA00040;WCH2019RUS;W;28;10,5
CZE00038;WCH2019RUS;W;29;8,5
GER00037;WCH2019RUS;W;30;7
RUS00071;WCH2019RUS;W;31;6
CZE00042;WCH2019RUS;W;32;5
CZE00043;WCH2019RUS;W;33;5
HUN00008;WCH2019RUS;W;34;2
RUS00112;WCH2019RUS;W;35;2
CZE00040;WCH2019RUS;W;36;0
RUS00069;WCH2019RUS;W;37;0
HUN00007;WCH2019RUS;W;38;0
RUS00050;WCH2019RUS;W;39;0
BLR00002;WCH2019RUS;W;40;0
CZE00033;WCH2019RUS;W;41;0
CZE00131;WCH2019RUS;W;42;0
CZE00024;WCH2019RUS;W;43;0
CRO00046;WCH2019RUS;W;44;0
EST00037;WCH2019RUS;W;45;0
FIN00038;WCH2019RUS;W;46;0
EST00048;WCH2019RUS;W;47;0
CRO00021;WCF2019CRO;M;1;454
CRO00030;WCF2019CRO;M;2;307
CRO00025;WCF2019CRO;M;3;184
GER00017;WCF2019CRO;M;4;180,5
CRO00036;WCF2019CRO;M;5;163,5
RUS00051;WCF2019CRO;M;6;154,5
GER00034;WCF2019CRO;M;7;143,5
FRA00033;WCF2019CRO;M;8;102,5
CZE00013;WCF2019CRO;M;9;67,5
RUS00053;WCF2019CRO;M;10;65,5
CRO00045;WCF2019CRO;M;11;63
FRA00025;WCF2019CRO;M;12;61
RUS00029;WCF2019CRO;M;13;55
CRO00039;WCF2019CRO;M;14;47
RUS00064;WCF2019CRO;M;15;43
FRA00055;WCF2019CRO;M;16;41
FRA00046;WCF2019CRO;M;17;32
GER00055;WCF2019CRO;M;18;28,5
RUS00039;WCF2019CRO;M;19;28
RUS00063;WCF2019CRO;M;20;27
RUS00066;WCF2019CRO;M;21;21,5
FRA00035;WCF2019CRO;M;22;20,5
CRO00041;WCF2019CRO;M;23;19
EST00020;WCF2019CRO;M;24;16
FRA00052;WCF2019CRO;M;25;11,5
FRA00008;WCF2019CRO;M;26;10
GER00075;WCF2019CRO;M;27;6,5
HUN00019;WCF2019CRO;M;28;6
GER00003;WCF2019CRO;M;29;6
FRA00012;WCF2019CRO;M;30;6
CZE00031;WCF2019CRO;M;31;5
SUI00023;WCF2019CRO;M;32;5
CRO00044;WCF2019CRO;M;33;5
FRA00049;WCF2019CRO;M;34;5
RUS00057;WCF2019CRO;M;35;3
SLO00001;WCF2019CRO;M;36;2
SUI00007;WCF2019CRO;M;37;2
TKM00001;WCF2019CRO;M;38;2
RUS00042;WCF2019CRO;M;39;0
GER00035;WCF2019CRO;M;40;0
RUS00019;WCF2019CRO;M;41;0
RUS00070;WCF2019CRO;M;42;0
GER00031;WCF2019CRO;M;43;0
CRO00011;WCF2019CRO;M;44;0
RUS00059;WCF2019CRO;M;45;0
EST00010;WCF2019CRO;M;46;0
RUS00068;WCF2019CRO;M;47;0
HUN00021;WCF2019CRO;M;48;0
CZE00039;WCF2019CRO;M;49;0
EST00023;WCF2019CRO;M;50;0
CZE00044;WCF2019CRO;M;51;0
HUN00024;WCF2019CRO;M;52;0
BLR00001;WCF2019CRO;M;53;0
EST00035;WCF2019CRO;M;54;0
EST00034;WCF2019CRO;M;55;0
FRA00020;WCF2019CRO;M;56;0
AUT00018;WCF2019CRO;M;57;0
AUT00016;WCF2019CRO;M;58;0
AUT00032;WCF2019CRO;M;59;0
CZE00034;WCF2019CRO;M;60;0
CZE00006;WCF2019CRO;M;61;0
CZE00061;WCF2019CRO;M;62;0
CZE00060;WCF2019CRO;M;63;0
CZE00026;WCF2019CRO;M;64;0
CZE00032;WCF2019CRO;M;65;0
CZE00062;WCF2019CRO;M;66;0
CZE00056;WCF2019CRO;M;67;0
CZE00132;WCF2019CRO;M;68;0
CZE00127;WCF2019CRO;M;69;0
CZE00133;WCF2019CRO;M;70;0
CZE00095;WCF2019CRO;M;71;0
AUT00012;WCF2019CRO;M;72;0
AUT00006;WCF2019CRO;M;73;0
GER00048;WCF2019CRO;M;74;0
FRA00051;WCF2019CRO;M;75;0
FRA00057;WCF2019CRO;M;76;0
EST00031;WCF2019CRO;M;77;0
FIN00030;WCF2019CRO;M;78;0
RUS00090;WCF2019CRO;M;79;0
EST00051;WCF2019CRO;M;80;0
FRA00036;WCF2019CRO;M;81;0
SUI00022;WCF2019CRO;M;82;0
EST00032;WCF2019CRO;M;83;0
EST00016;WCF2019CRO;M;84;0
FIN00004;WCF2019CRO;M;85;0
FIN00053;WCF2019CRO;M;86;0
AUT00015;WCF2019CRO;M;87;0
SWE00011;WCF2019CRO;M;88;0
IRL00001;WCF2019CRO;M;89;0
EST00050;WCF2019CRO;M;90;0
EST00052;WCF2019CRO;M;91;0
CRO00028;WCF2019CRO;W;1;501
CRO00042;WCF2019CRO;W;2;278,5
GER00026;WCF2019CRO;W;3;236
CRO00004;WCF2019CRO;W;4;227,5
RUS00052;WCF2019CRO;W;5;172,5
GER00061;WCF2019CRO;W;6;165,5
RUS00018;WCF2019CRO;W;7;142,5
CRO00007;WCF2019CRO;W;8;70
CRO00043;WCF2019CRO;W;9;57,5
FRA00044;WCF2019CRO;W;10;39
RUS00056;WCF2019CRO;W;11;28
RUS00072;WCF2019CRO;W;12;28
RUS00073;WCF2019CRO;W;13;28
CZE00030;WCF2019CRO;W;14;27
RUS00043;WCF2019CRO;W;15;24,5
FRA00027;WCF2019CRO;W;16;23,5
HUN00025;WCF2019CRO;W;17;23
CRO00046;WCF2019CRO;W;18;18
RUS00067;WCF2019CRO;W;19;18
CZE00027;WCF2019CRO;W;20;15,5
HUN00026;WCF2019CRO;W;21;15
FRA00023;WCF2019CRO;W;22;14
CRO00066;WCF2019CRO;W;23;13
CZE00029;WCF2019CRO;W;24;12,5
EST00008;WCF2019CRO;W;25;12
FRA00053;WCF2019CRO;W;26;11
FRA00040;WCF2019CRO;W;27;10,5
CZE00038;WCF2019CRO;W;28;7,5
GER00037;WCF2019CRO;W;29;7
RUS00012;WCF2019CRO;W;30;6
RUS00071;WCF2019CRO;W;31;6
CZE00043;WCF2019CRO;W;32;5
CZE00042;WCF2019CRO;W;33;5
HUN00008;WCF2019CRO;W;34;2
RUS00111;WCF2019CRO;W;35;2
CZE00040;WCF2019CRO;W;36;0
RUS00069;WCF2019CRO;W;37;0
HUN00007;WCF2019CRO;W;38;0
RUS00050;WCF2019CRO;W;39;0
BLR00002;WCF2019CRO;W;40;0
CZE00033;WCF2019CRO;W;41;0
CZE00131;WCF2019CRO;W;42;0
CZE00024;WCF2019CRO;W;43;0
EST00037;WCF2019CRO;W;44;0
FIN00038;WCF2019CRO;W;45;0
EST00048;WCF2019CRO;W;46;0
CRO00021;WC2022CRO;M;1;80
CRO00030;WC2022CRO;M;2;70
CRO00036;WC2022CRO;M;3;60
CRO00025;WC2022CRO;M;4;50
GER00055;WC2022CRO;M;5;45
SUI00023;WC2022CRO;M;6;40
FRA00057;WC2022CRO;M;7;35
CZE00044;WC2022CRO;M;8;30
CZE00031;WC2022CRO;M;9;25
FRA00055;WC2022CRO;M;10;22
FRA00058;WC2022CRO;M;11;20
SUI00007;WC2022CRO;M;12;18
FRA00080;WC2022CRO;M;13;16
CZE00051;WC2022CRO;M;14;14
CRO00028;WC2022CRO;W;1;80
CRO00042;WC2022CRO;W;2;70
CRO00043;WC2022CRO;W;3;60
FRA00056;WC2022CRO;W;4;50
CZE00027;WC2022CRO;W;5;45
CRO00050;WC2022CRO;W;6;40
CRO00049;WC2022CRO;W;7;35
CRO00046;WC2022CRO;W;8;30
FRA00081;WC2022CRO;W;9;25
FRA00062;WC2022CRO;W;10;22
CZE00043;WC2022CRO;W;11;20
CRO00047;WC2022CRO;W;12;18
CRO00048;WC2022CRO;W;13;16
CZE00042;WC2022CRO;W;14;14
CRO00077;WC2022CRO;W;15;12
CRO00021;WC2022CZE;M;1;150
CRO00036;WC2022CZE;M;2;140
CRO00030;WC2022CZE;M;3;130
CRO00025;WC2022CZE;M;4;100
CZE00044;WC2022CZE;M;5;75
GER00055;WC2022CZE;M;6;45
HUN00021;WC2022CZE;M;7;40
SUI00023;WC2022CZE;M;8;40
CRO00011;WC2022CZE;M;9;35
FRA00057;WC2022CZE;M;10;35
CZE00060;WC2022CZE;M;11;30
CZE00051;WC2022CZE;M;12;30
CZE00034;WC2022CZE;M;13;25
CZE00031;WC2022CZE;M;14;25
CZE00039;WC2022CZE;M;15;22
FRA00055;WC2022CZE;M;16;22
CZE00006;WC2022CZE;M;17;20
FRA00058;WC2022CZE;M;18;20
HUN00024;WC2022CZE;M;19;18
SUI00007;WC2022CZE;M;20;18
FRA00080;WC2022CZE;M;21;16
SWE00011;WC2022CZE;M;22;14
HUN00027;WC2022CZE;M;23;12
CZE00064;WC2022CZE;M;24;10
CZE00065;WC2022CZE;M;25;9
CZE00066;WC2022CZE;M;26;8
CZE00067;WC2022CZE;M;27;7
CZE00068;WC2022CZE;M;28;6
CZE00061;WC2022CZE;M;29;5
CRO00028;WC2022CZE;W;1;160
CRO00043;WC2022CZE;W;2;130
CRO00042;WC2022CZE;W;3;120
CRO00049;WC2022CZE;W;4;75
CRO00050;WC2022CZE;W;5;70
CZE00027;WC2022CZE;W;6;65
CRO00046;WC2022CZE;W;7;65
CRO00048;WC2022CZE;W;8;61
CRO00004;WC2022CZE;W;9;60
FRA00056;WC2022CZE;W;10;50
CRO00047;WC2022CZE;W;11;43
CZE00042;WC2022CZE;W;12;32
FRA00081;WC2022CZE;W;13;25
CZE00030;WC2022CZE;W;14;22
FRA00062;WC2022CZE;W;15;22
CZE00043;WC2022CZE;W;16;20
HUN00008;WC2022CZE;W;17;16
CZE00070;WC2022CZE;W;18;14
CRO00077;WC2022CZE;W;19;12
CRO00030;WCH2022HUN;M;1;210
CRO00036;WCH2022HUN;M;2;210
CRO00021;WCH2022HUN;M;3;210
CRO00025;WCH2022HUN;M;4;150
CZE00044;WCH2022HUN;M;5;115
GER00055;WCH2022HUN;M;6;80
SUI00023;WCH2022HUN;M;7;70
FRA00057;WCH2022HUN;M;8;55
CRO00011;WCH2022HUN;M;9;47
FRA00012;WCH2022HUN;M;10;45
HUN00021;WCH2022HUN;M;11;40
FRA00058;WCH2022HUN;M;12;36
CZE00031;WCH2022HUN;M;13;33
CZE00060;WCH2022HUN;M;14;30
CZE00051;WCH2022HUN;M;15;30
GER00028;WCH2022HUN;M;16;25
SUI00007;WCH2022HUN;M;17;25
CZE00034;WCH2022HUN;M;18;25
GER00062;WCH2022HUN;M;19;22
CZE00006;WCH2022HUN;M;20;22
CZE00039;WCH2022HUN;M;21;22
FRA00055;WCH2022HUN;M;22;22
FRA00046;WCH2022HUN;M;23;18
HUN00024;WCH2022HUN;M;24;18
FRA00080;WCH2022HUN;M;25;16
HUN00019;WCH2022HUN;M;26;14
SWE00011;WCH2022HUN;M;27;14
HUN00027;WCH2022HUN;M;28;12
FRA00020;WCH2022HUN;M;29;10
CZE00064;WCH2022HUN;M;30;10
GER00031;WCH2022HUN;M;31;9
CZE00065;WCH2022HUN;M;32;9
CZE00066;WCH2022HUN;M;33;8
CZE00067;WCH2022HUN;M;34;7
EST00031;WCH2022HUN;M;35;6
CZE00068;WCH2022HUN;M;36;6
GER00035;WCH2022HUN;M;37;5
CZE00061;WCH2022HUN;M;38;5
GER00063;WCH2022HUN;M;39;4
EST00010;WCH2022HUN;M;40;3
SUI00005;WCH2022HUN;M;41;1
EST00035;WCH2022HUN;M;42;0
EST00036;WCH2022HUN;M;43;0
CRO00028;WCH2022HUN;W;1;240
CRO00042;WCH2022HUN;W;2;180
CRO00043;WCH2022HUN;W;3;175
CRO00046;WCH2022HUN;W;4;135
CRO00004;WCH2022HUN;W;5;110
CRO00049;WCH2022HUN;W;6;87
CZE00027;WCH2022HUN;W;7;83
CRO00050;WCH2022HUN;W;8;79
CRO00047;WCH2022HUN;W;9;78
CRO00048;WCH2022HUN;W;10;75
FRA00056;WCH2022HUN;W;11;72
CZE00042;WCH2022HUN;W;12;37
FRA00023;WCH2022HUN;W;13;40
FRA00024;WCH2022HUN;W;14;30
CZE00043;WCH2022HUN;W;15;30
HUN00026;WCH2022HUN;W;16;25
FRA00081;WCH2022HUN;W;17;25
HUN00008;WCH2022HUN;W;18;24
CZE00030;WCH2022HUN;W;19;22
FRA00062;WCH2022HUN;W;20;22
FRA00034;WCH2022HUN;W;21;20
EST00008;WCH2022HUN;W;22;16
CZE00070;WCH2022HUN;W;23;14
CRO00077;WCH2022HUN;W;24;12
EST00037;WCH2022HUN;W;25;7
HUN00007;WCH2022HUN;W;26;6
EST00038;WCH2022HUN;W;27;4
CZE00045;WCH2022HUN;W;28;3
CRO00021;WCF2022CRO;M;1;290
CRO00036;WCF2022CRO;M;2;255
CRO00030;WCF2022CRO;M;3;210
CRO00025;WCF2022CRO;M;4;190
CZE00044;WCF2022CRO;M;5;185
SUI00023;WCF2022CRO;M;6;130
FRA00012;WCF2022CRO;M;7;95
GER00055;WCF2022CRO;M;8;80
FRA00058;WCF2022CRO;M;9;71
FRA00057;WCF2022CRO;M;10;55
FRA00055;WCF2022CRO;M;11;52
CZE00031;WCF2022CRO;M;12;49
CRO00011;WCF2022CRO;M;13;47
SUI00007;WCF2022CRO;M;14;43
HUN00021;WCF2022CRO;M;15;40
HUN00019;WCF2022CRO;M;16;39
CZE00060;WCF2022CRO;M;17;30
CZE00051;WCF2022CRO;M;18;30
EST00031;WCF2022CRO;M;19;28
GER00028;WCF2022CRO;M;20;25
CZE00034;WCF2022CRO;M;21;25
EST00010;WCF2022CRO;M;22;23
GER00062;WCF2022CRO;M;23;22
CZE00006;WCF2022CRO;M;24;22
CZE00039;WCF2022CRO;M;25;22
FRA00046;WCF2022CRO;M;26;18
HUN00024;WCF2022CRO;M;27;18
FRA00080;WCF2022CRO;M;28;16
SUI00005;WCF2022CRO;M;29;15
SWE00011;WCF2022CRO;M;30;14
HUN00027;WCF2022CRO;M;31;12
FRA00020;WCF2022CRO;M;32;10
CZE00064;WCF2022CRO;M;33;10
GER00031;WCF2022CRO;M;34;9
CZE00065;WCF2022CRO;M;35;9
CZE00066;WCF2022CRO;M;36;8
CZE00067;WCF2022CRO;M;37;7
CZE00068;WCF2022CRO;M;38;6
GER00035;WCF2022CRO;M;39;5
CZE00061;WCF2022CRO;M;40;5
GER00063;WCF2022CRO;M;41;4
EST00035;WCF2022CRO;M;42;0
EST00036;WCF2022CRO;M;43;0
CRO00055;WCF2022CRO;W;1;300
CRO00042;WCF2022CRO;W;2;260
CRO00043;WCF2022CRO;W;3;220
CRO00046;WCF2022CRO;W;4;205
CRO00004;WCF2022CRO;W;5;110
CZE00027;WCF2022CRO;W;6;108
FRA00056;WCF2022CRO;W;7;90
CRO00049;WCF2022CRO;W;8;87
CRO00050;WCF2022CRO;W;9;79
CRO00047;WCF2022CRO;W;10;78
CRO00048;WCF2022CRO;W;11;75
EST00008;WCF2022CRO;W;12;66
FRA00062;WCF2022CRO;W;13;62
FRA00081;WCF2022CRO;W;14;60
CZE00042;WCF2022CRO;W;15;57
HUN00026;WCF2022CRO;W;16;55
CZE00043;WCF2022CRO;W;17;52
FRA00023;WCF2022CRO;W;18;40
HUN00008;WCF2022CRO;W;19;38
FRA00024;WCF2022CRO;W;20;30
EST00037;WCF2022CRO;W;21;23
CZE00030;WCF2022CRO;W;22;22
FRA00034;WCF2022CRO;W;23;20
EST00038;WCF2022CRO;W;24;16
CZE00070;WCF2022CRO;W;25;14
CRO00077;WCF2022CRO;W;26;12
HUN00007;WCF2022CRO;W;27;6
CZE00045;WCF2022CRO;W;28;3
CRO00021;WC2023CZE;M;1;80
CRO00030;WC2023CZE;M;2;70
CRO00036;WC2023CZE;M;3;60
CZE00044;WC2023CZE;M;4;50
FRA00012;WC2023CZE;M;5;45
FRA00025;WC2023CZE;M;6;40
CRO00044;WC2023CZE;M;7;35
AUT00018;WC2023CZE;M;8;30
AUT00017;WC2023CZE;M;9;25
HUN00019;WC2023CZE;M;10;22
CZE00026;WC2023CZE;M;11;20
FRA00057;WC2023CZE;M;12;18
CRO00051;WC2023CZE;M;13;16
HUN00021;WC2023CZE;M;14;14
CRO00054;WC2023CZE;M;15;12
CZE00060;WC2023CZE;M;16;10
CZE00006;WC2023CZE;M;17;9
GER00089;WC2023CZE;M;18;8
HUN00024;WC2023CZE;M;19;7
CZE00051;WC2023CZE;M;20;6
CZE00032;WC2023CZE;M;21;5
CZE00061;WC2023CZE;M;22;4
CZE00064;WC2023CZE;M;23;3
CZE00047;WC2023CZE;M;24;2
CZE00065;WC2023CZE;M;25;1
CZE00071;WC2023CZE;M;26;0
CZE00072;WC2023CZE;M;27;0
CZE00068;WC2023CZE;M;28;0
CRO00055;WC2023CZE;W;1;80
CRO00042;WC2023CZE;W;2;70
HUN00026;WC2023CZE;W;3;60
FRA00040;WC2023CZE;W;4;50
CRO00004;WC2023CZE;W;5;45
CRO00046;WC2023CZE;W;6;40
CRO00043;WC2023CZE;W;7;35
CZE00027;WC2023CZE;W;8;30
FRA00034;WC2023CZE;W;9;25
FRA00062;WC2023CZE;W;10;22
CZE00042;WC2023CZE;W;11;20
CZE00030;WC2023CZE;W;12;18
HUN00008;WC2023CZE;W;13;16
CZE00029;WC2023CZE;W;14;14
CZE00038;WC2023CZE;W;15;12
CRO00053;WC2023CZE;W;16;10
FRA00081;WC2023CZE;W;17;9
CZE00024;WC2023CZE;W;18;8
CZE00046;WC2023CZE;W;19;7
CRO00021;WC2023CRO;M;1;150
CRO00036;WC2023CRO;M;2;140
CRO00030;WC2023CRO;M;3;120
CZE00044;WC2023CRO;M;4;90
CRO00044;WC2023CRO;M;5;70
CRO00025;WC2023CRO;M;6;60
GER00055;WC2023CRO;M;7;45
FRA00012;WC2023CRO;M;8;45
AUT00018;WC2023CRO;M;9;42
CRO00051;WC2023CRO;M;10;41
FRA00025;WC2023CRO;M;11;40
FRA00057;WC2023CRO;M;12;38
AUT00017;WC2023CRO;M;13;32
CRO00011;WC2023CRO;M;14;30
SUI00023;WC2023CRO;M;15;22
HUN00019;WC2023CRO;M;16;22
CZE00026;WC2023CRO;M;17;20
FRA00055;WC2023CRO;M;18;18
AUT00015;WC2023CRO;M;19;16
CRO00054;WC2023CRO;M;20;15
FRA00046;WC2023CRO;M;21;14
HUN00021;WC2023CRO;M;22;14
GER00089;WC2023CRO;M;23;12
CZE00051;WC2023CRO;M;24;11
CZE00031;WC2023CRO;M;25;10
CZE00060;WC2023CRO;M;26;10
FRA00060;WC2023CRO;M;27;9
CZE00006;WC2023CRO;M;28;9
AUT00016;WC2023CRO;M;29;8
CZE00032;WC2023CRO;M;30;7
HUN00024;WC2023CRO;M;31;7
AUT00012;WC2023CRO;M;32;6
CZE00061;WC2023CRO;M;33;4
CZE00064;WC2023CRO;M;34;3
CZE00047;WC2023CRO;M;35;2
HUN00027;WC2023CRO;M;36;1
CZE00065;WC2023CRO;M;37;1
CZE00071;WC2023CRO;M;38;0
CZE00072;WC2023CRO;M;39;0
CZE00068;WC2023CRO;M;40;0
CRO00055;WC2023CRO;W;1;160
CRO00042;WC2023CRO;W;2;140
CRO00046;WC2023CRO;W;3;100
CRO00004;WC2023CRO;W;4;95
HUN00026;WC2023CRO;W;5;90
FRA00040;WC2023CRO;W;6;85
CRO00043;WC2023CRO;W;7;75
CZE00027;WC2023CRO;W;8;55
FRA00023;WC2023CRO;W;9;45
CZE00030;WC2023CRO;W;10;40
FRA00062;WC2023CRO;W;11;40
CRO00053;WC2023CRO;W;12;30
CZE00029;WC2023CRO;W;13;28
HUN00008;WC2023CRO;W;14;28
FRA00034;WC2023CRO;W;15;25
CZE00042;WC2023CRO;W;16;20
CZE00046;WC2023CRO;W;17;17
FRA00077;WC2023CRO;W;18;16
CZE00038;WC2023CRO;W;19;12
FRA00081;WC2023CRO;W;20;9
CZE00024;WC2023CRO;W;21;8
CRO00021;WCH2023HUN;M;1;230
CRO00036;WCH2023HUN;M;2;210
CRO00030;WCH2023HUN;M;3;170
CZE00044;WCH2023HUN;M;4;110
CRO00025;WCH2023HUN;M;5;100
GER00055;WCH2023HUN;M;6;80
CRO00044;WCH2023HUN;M;7;70
FRA00012;WCH2023HUN;M;8;67
GER00034;WCH2023HUN;M;9;60
CRO00011;WCH2023HUN;M;10;55
FRA00057;WCH2023HUN;M;11;50
CRO00051;WCH2023HUN;M;12;50
GER00017;WCH2023HUN;M;13;45
AUT00018;WCH2023HUN;M;14;43
FRA00025;WCH2023HUN;M;15;40
FRA00055;WCH2023HUN;M;16;36
AUT00017;WCH2023HUN;M;17;35
SUI00023;WCH2023HUN;M;18;32
GER00028;WCH2023HUN;M;19;30
AUT00015;WCH2023HUN;M;20;30
CZE00031;WCH2023HUN;M;21;26
FRA00046;WCH2023HUN;M;22;22
HUN00019;WCH2023HUN;M;23;22
CZE00026;WCH2023HUN;M;24;20
CRO00054;WCH2023HUN;M;25;15
HUN00021;WCH2023HUN;M;26;14
GER00089;WCH2023HUN;M;27;12
CZE00051;WCH2023HUN;M;28;11
CZE00060;WCH2023HUN;M;29;10
FRA00060;WCH2023HUN;M;30;9
CZE00006;WCH2023HUN;M;31;9
AUT00016;WCH2023HUN;M;32;8
GER00062;WCH2023HUN;M;33;7
HUN00024;WCH2023HUN;M;34;7
CZE00032;WCH2023HUN;M;35;7
CRO00052;WCH2023HUN;M;36;6
AUT00012;WCH2023HUN;M;37;6
FRA00059;WCH2023HUN;M;38;5
FRA00020;WCH2023HUN;M;39;4
CZE00061;WCH2023HUN;M;40;4
CZE00064;WCH2023HUN;M;41;3
GER00035;WCH2023HUN;M;42;2
CZE00047;WCH2023HUN;M;43;2
HUN00027;WCH2023HUN;M;44;1
CZE00065;WCH2023HUN;M;45;1
GER00031;WCH2023HUN;M;46;0
EST00010;WCH2023HUN;M;47;0
EST00035;WCH2023HUN;M;48;0
EST00039;WCH2023HUN;M;49;0
EST00041;WCH2023HUN;M;50;0
SWE00011;WCH2023HUN;M;51;0
EST00040;WCH2023HUN;M;52;0
CZE00071;WCH2023HUN;M;53;0
CZE00072;WCH2023HUN;M;54;0
CZE00068;WCH2023HUN;M;55;0
CRO00055;WCH2023HUN;W;1;195
CRO00042;WCH2023HUN;W;2;190
HUN00026;WCH2023HUN;W;3;160
CRO00046;WCH2023HUN;W;4;160
CRO00043;WCH2023HUN;W;5;155
CRO00004;WCH2023HUN;W;6;140
FRA00040;WCH2023HUN;W;7;125
CZE00027;WCH2023HUN;W;8;73
CZE00030;WCH2023HUN;W;9;60
CRO00053;WCH2023HUN;W;10;52
FRA00034;WCH2023HUN;W;11;50
FRA00023;WCH2023HUN;W;12;45
HUN00008;WCH2023HUN;W;13;42
CZE00029;WCH2023HUN;W;14;40
FRA00062;WCH2023HUN;W;15;40
CZE00042;WCH2023HUN;W;16;36
FRA00024;WCH2023HUN;W;17;30
CZE00046;WCH2023HUN;W;18;26
FRA00077;WCH2023HUN;W;19;16
CZE00038;WCH2023HUN;W;20;12
EST00038;WCH2023HUN;W;21;10
FRA00081;WCH2023HUN;W;22;9
HUN00028;WCH2023HUN;W;23;8
CZE00024;WCH2023HUN;W;24;8
CZE00045;WCH2023HUN;W;25;7
CZE00016;WCH2023HUN;W;26;6
CRO00036;WCF2023HUN;M;1;290
CRO00021;WCF2023HUN;M;2;275
CRO00030;WCF2023HUN;M;3;240
CZE00044;WCF2023HUN;M;4;135
FRA00012;WCF2023HUN;M;5;127
FRA00057;WCF2023HUN;M;6;100
CRO00025;WCF2023HUN;M;7;100
GER00055;WCF2023HUN;M;8;98
FRA00025;WCF2023HUN;M;9;75
CRO00044;WCF2023HUN;M;10;70
AUT00017;WCF2023HUN;M;11;65
AUT00018;WCF2023HUN;M;12;63
HUN00019;WCF2023HUN;M;13;62
GER00034;WCF2023HUN;M;14;60
CRO00011;WCF2023HUN;M;15;55
CRO00051;WCF2023HUN;M;16;50
CZE00031;WCF2023HUN;M;17;48
GER00017;WCF2023HUN;M;18;45
FRA00055;WCF2023HUN;M;19;36
SUI00023;WCF2023HUN;M;20;32
HUN00021;WCF2023HUN;M;21;30
GER00028;WCF2023HUN;M;22;30
AUT00015;WCF2023HUN;M;23;30
FRA00046;WCF2023HUN;M;24;22
CZE00026;WCF2023HUN;M;25;20
HUN00024;WCF2023HUN;M;26;19
HUN00027;WCF2023HUN;M;27;15
CRO00054;WCF2023HUN;M;28;15
GER00089;WCF2023HUN;M;29;12
CZE00051;WCF2023HUN;M;30;11
CZE00060;WCF2023HUN;M;31;10
FRA00060;WCF2023HUN;M;32;9
CZE00006;WCF2023HUN;M;33;9
AUT00016;WCF2023HUN;M;34;8
GER00062;WCF2023HUN;M;35;7
CZE00032;WCF2023HUN;M;36;7
CRO00052;WCF2023HUN;M;37;6
AUT00012;WCF2023HUN;M;38;6
FRA00059;WCF2023HUN;M;39;5
FRA00020;WCF2023HUN;M;40;4
CZE00061;WCF2023HUN;M;41;4
CZE00064;WCF2023HUN;M;42;3
GER00035;WCF2023HUN;M;43;2
CZE00047;WCF2023HUN;M;44;2
CZE00065;WCF2023HUN;M;45;1
GER00031;WCF2023HUN;M;46;0
EST00010;WCF2023HUN;M;47;0
EST00035;WCF2023HUN;M;48;0
EST00039;WCF2023HUN;M;49;0
EST00041;WCF2023HUN;M;50;0
SWE00011;WCF2023HUN;M;51;0
EST00040;WCF2023HUN;M;52;0
CZE00071;WCF2023HUN;M;53;0
CZE00072;WCF2023HUN;M;54;0
CZE00068;WCF2023HUN;M;55;0
CRO00055;WCF2023HUN;W;1;275
CRO00042;WCF2023HUN;W;2;230
HUN00026;WCF2023HUN;W;3;220
FRA00040;WCF2023HUN;W;4;195
CRO00046;WCF2023HUN;W;5;185
CRO00043;WCF2023HUN;W;6;175
CRO00004;WCF2023HUN;W;7;140
CZE00030;WCF2023HUN;W;8;105
CZE00027;WCF2023HUN;W;9;95
FRA00062;WCF2023HUN;W;10;90
FRA00023;WCF2023HUN;W;11;80
CZE00029;WCF2023HUN;W;12;58
HUN00008;WCF2023HUN;W;13;54
CZE00042;WCF2023HUN;W;14;52
CRO00053;WCF2023HUN;W;15;52
FRA00034;WCF2023HUN;W;16;50
FRA00077;WCF2023HUN;W;17;46
FRA00024;WCF2023HUN;W;18;30
CZE00046;WCF2023HUN;W;19;26
HUN00028;WCF2023HUN;W;20;22
CZE00038;WCF2023HUN;W;21;12
EST00038;WCF2023HUN;W;22;10
FRA00081;WCF2023HUN;W;23;9
CZE00024;WCF2023HUN;W;24;8
CZE00045;WCF2023HUN;W;25;7
CZE00016;WCF2023HUN;W;26;6
CRO00021;WC2024CZE;M;1;80
CRO00036;WC2024CZE;M;2;70
CRO00030;WC2024CZE;M;3;60
HUN00019;WC2024CZE;M;4;50
CZE00044;WC2024CZE;M;5;45
AUT00017;WC2024CZE;M;6;40
GER00031;WC2024CZE;M;7;35
AUT00018;WC2024CZE;M;8;30
CRO00011;WC2024CZE;M;9;25
SUI00007;WC2024CZE;M;10;22
CZE00051;WC2024CZE;M;11;20
AUT00016;WC2024CZE;M;12;18
CZE00047;WC2024CZE;M;13;16
SUI00005;WC2024CZE;M;14;14
CZE00034;WC2024CZE;M;15;12
HUN00024;WC2024CZE;M;16;10
GER00089;WC2024CZE;M;17;9
CZE00032;WC2024CZE;M;18;8
GER00087;WC2024CZE;M;19;7
CRO00055;WC2024CZE;W;1;80
CRO00004;WC2024CZE;W;2;70
CRO00042;WC2024CZE;W;3;60
CRO00046;WC2024CZE;W;4;50
CZE00042;WC2024CZE;W;5;45
CZE00027;WC2024CZE;W;6;40
CZE00030;WC2024CZE;W;7;35
CZE00029;WC2024CZE;W;8;30
CZE00038;WC2024CZE;W;9;25
CZE00046;WC2024CZE;W;10;22
HUN00028;WC2024CZE;W;11;20
CRO00021;WC2024CRO;M;1;160
CRO00036;WC2024CRO;M;2;140
CZE00044;WC2024CRO;M;3;80
HUN00019;WC2024CRO;M;4;66
AUT00017;WC2024CRO;M;5;62
FRA00008;WC2024CRO;M;6;60
CRO00030;WC2024CRO;M;7;60
AUT00018;WC2024CRO;M;8;55
FRA00025;WC2024CRO;M;9;50
FRA00046;WC2024CRO;M;10;45
CRO00025;WC2024CRO;M;11;40
GER00031;WC2024CRO;M;12;35
SUI00007;WC2024CRO;M;13;31
SUI00023;WC2024CRO;M;14;30
AUT00016;WC2024CRO;M;15;30
CZE00051;WC2024CRO;M;16;27
CRO00011;WC2024CRO;M;17;25
CZE00047;WC2024CRO;M;18;24
FRA00059;WC2024CRO;M;19;20
CZE00031;WC2024CRO;M;20;18
GER00089;WC2024CRO;M;21;15
FRA00079;WC2024CRO;M;22;14
SUI00005;WC2024CRO;M;23;14
CZE00034;WC2024CRO;M;24;12
FRA00061;WC2024CRO;M;25;10
HUN00024;WC2024CRO;M;26;10
CZE00032;WC2024CRO;M;27;8
GER00087;WC2024CRO;M;28;7
CRO00055;WC2024CRO;W;1;160
CRO00042;WC2024CRO;W;2;130
CRO00004;WC2024CRO;W;3;115
CRO00046;WC2024CRO;W;4;110
CZE00030;WC2024CRO;W;5;75
CZE00042;WC2024CRO;W;6;65
FRA00040;WC2024CRO;W;7;60
CZE00027;WC2024CRO;W;8;58
CZE00029;WC2024CRO;W;9;42
CRO00031;WC2024CRO;W;10;35
CZE00038;WC2024CRO;W;11;32
FRA00034;WC2024CRO;W;12;30
CZE00046;WC2024CRO;W;13;30
HUN00028;WC2024CRO;W;14;29
FRA00056;WC2024CRO;W;15;25
FRA00077;WC2024CRO;W;16;22
FRA00023;WC2024CRO;W;17;16
CRO00068;WC2024CRO;W;18;14
FRA00078;WC2024CRO;W;19;10
GER00053;WC2024CRO;W;20;6
CRO00021;ECH2024CRO;M;1;230
CRO00036;ECH2024CRO;M;2;220
CRO00030;ECH2024CRO;M;3;100
CZE00044;ECH2024CRO;M;4;98
FRA00025;ECH2024CRO;M;5;95
CRO00025;ECH2024CRO;M;6;90
FRA00008;ECH2024CRO;M;7;90
HUN00019;ECH2024CRO;M;8;88
AUT00017;ECH2024CRO;M;9;74
FRA00046;ECH2024CRO;M;10;70
SUI00023;ECH2024CRO;M;11;65
CRO00044;ECH2024CRO;M;12;60
AUT00018;ECH2024CRO;M;13;56
CRO00011;ECH2024CRO;M;14;45
GER00031;ECH2024CRO;M;15;44
AUT00016;ECH2024CRO;M;16;35
SUI00007;ECH2024CRO;M;17;31
FRA00059;ECH2024CRO;M;18;27
CZE00051;ECH2024CRO;M;19;27
CZE00047;ECH2024CRO;M;20;26
CZE00031;ECH2024CRO;M;21;19
GER00028;ECH2024CRO;M;22;16
GER00089;ECH2024CRO;M;23;15
CRO00052;ECH2024CRO;M;24;14
SUI00005;ECH2024CRO;M;25;14
FRA00079;ECH2024CRO;M;26;14
FRA00061;ECH2024CRO;M;27;13
CZE00034;ECH2024CRO;M;28;12
CRO00067;ECH2024CRO;M;29;10
HUN00024;ECH2024CRO;M;30;10
GER00035;ECH2024CRO;M;31;8
CZE00032;ECH2024CRO;M;32;8
GER00087;ECH2024CRO;M;33;7
EST00031;ECH2024CRO;M;34;6
EST00010;ECH2024CRO;M;35;4
EST00043;ECH2024CRO;M;36;0
EST00023;ECH2024CRO;M;37;0
EST00044;ECH2024CRO;M;38;0
HUN00021;ECH2024CRO;M;39;0
EST00040;ECH2024CRO;M;40;0
EST00035;ECH2024CRO;M;41;0
HUN00038;ECH2024CRO;M;42;0
EST00034;ECH2024CRO;M;43;0
BUL00001;ECH2024CRO;M;44;0
HUN00027;ECH2024CRO;M;45;0
EST00039;ECH2024CRO;M;46;0
EST00042;ECH2024CRO;M;47;0
CRO00055;ECH2024CRO;W;1;240
CRO00042;ECH2024CRO;W;2;200
CRO00004;ECH2024CRO;W;3;175
CRO00046;ECH2024CRO;W;4;110
FRA00040;ECH2024CRO;W;5;100
CZE00030;ECH2024CRO;W;6;89
CRO00031;ECH2024CRO;W;7;85
CZE00042;ECH2024CRO;W;8;75
CZE00027;ECH2024CRO;W;9;74
FRA00034;ECH2024CRO;W;10;60
CZE00029;ECH2024CRO;W;11;54
FRA00056;ECH2024CRO;W;12;50
HUN00026;ECH2024CRO;W;13;45
FRA00023;ECH2024CRO;W;14;38
CRO00053;ECH2024CRO;W;15;35
CZE00046;ECH2024CRO;W;16;35
HUN00028;ECH2024CRO;W;17;33
CZE00038;ECH2024CRO;W;18;32
CRO00068;ECH2024CRO;W;19;34
FRA00077;ECH2024CRO;W;20;30
CRO00056;ECH2024CRO;W;21;18
FRA00078;ECH2024CRO;W;22;17
EST00008;ECH2024CRO;W;23;9
CZE00045;ECH2024CRO;W;24;6
GER00053;ECH2024CRO;W;25;6
EST00038;ECH2024CRO;W;26;3
CRO00021;WCF2024CRO;M;1;310
CRO00036;WCF2024CRO;M;2;290
CRO00030;WCF2024CRO;M;3;160
FRA00008;WCF2024CRO;M;4;140
CZE00044;WCF2024CRO;M;5;138
CRO00025;WCF2024CRO;M;6;135
HUN00019;WCF2024CRO;M;7;108
FRA00046;WCF2024CRO;M;8;95
FRA00025;WCF2024CRO;M;9;95
CRO00044;WCF2024CRO;M;10;90
AUT00017;WCF2024CRO;M;11;74
SUI00023;WCF2024CRO;M;12;65
AUT00018;WCF2024CRO;M;13;56
FRA00059;WCF2024CRO;M;14;49
CRO00011;WCF2024CRO;M;15;45
GER00031;WCF2024CRO;M;16;44
CZE00047;WCF2024CRO;M;17;40
EST00010;WCF2024CRO;M;18;39
CZE00031;WCF2024CRO;M;19;37
AUT00016;WCF2024CRO;M;20;35
SUI00007;WCF2024CRO;M;21;31
CZE00051;WCF2024CRO;M;22;27
HUN00024;WCF2024CRO;M;23;20
EST00031;WCF2024CRO;M;24;18
EST00043;WCF2024CRO;M;25;16
GER00028;WCF2024CRO;M;26;16
GER00089;WCF2024CRO;M;27;15
CRO00052;WCF2024CRO;M;28;14
SUI00005;WCF2024CRO;M;29;14
FRA00079;WCF2024CRO;M;30;14
FRA00061;WCF2024CRO;M;31;13
CZE00034;WCF2024CRO;M;32;12
CRO00067;WCF2024CRO;M;33;10
GER00035;WCF2024CRO;M;34;8
CZE00032;WCF2024CRO;M;35;8
GER00087;WCF2024CRO;M;36;7
EST00023;WCF2024CRO;M;37;0
EST00044;WCF2024CRO;M;38;0
HUN00021;WCF2024CRO;M;39;0
EST00040;WCF2024CRO;M;40;0
EST00035;WCF2024CRO;M;41;0
HUN00038;WCF2024CRO;M;42;0
EST00034;WCF2024CRO;M;43;0
BUL00001;WCF2024CRO;M;44;0
HUN00027;WCF2024CRO;M;45;0
EST00039;WCF2024CRO;M;46;0
EST00042;WCF2024CRO;M;47;0
CRO00055;WCF2024CRO;W;1;300
CRO00004;WCF2024CRO;W;2;245
CRO00042;WCF2024CRO;W;3;245
CRO00031;WCF2024CRO;W;4;165
FRA00040;WCF2024CRO;W;5;140
CZE00042;WCF2024CRO;W;6;125
CZE00030;WCF2024CRO;W;7;114
CRO00046;WCF2024CRO;W;8;110
CZE00027;WCF2024CRO;W;9;92
FRA00056;WCF2024CRO;W;10;70
HUN00026;WCF2024CRO;W;11;67
FRA00077;WCF2024CRO;W;12;65
CZE00038;WCF2024CRO;W;13;62
FRA00034;WCF2024CRO;W;14;60
FRA00023;WCF2024CRO;W;15;54
CZE00029;WCF2024CRO;W;16;54
CZE00046;WCF2024CRO;W;17;49
HUN00028;WCF2024CRO;W;18;45
CRO00053;WCF2024CRO;W;19;35
CRO00068;WCF2024CRO;W;20;34
CRO00056;WCF2024CRO;W;21;18
FRA00078;WCF2024CRO;W;22;17
EST00008;WCF2024CRO;W;23;9
CZE00045;WCF2024CRO;W;24;6
GER00053;WCF2024CRO;W;25;6
EST00038;WCF2024CRO;W;26;3
CRO00021;WC2025CZE;M;1;80
CRO00036;WC2025CZE;M;2;70
CRO00067;WC2025CZE;M;3;60
CRO00057;WC2025CZE;M;4;50
FRA00012;WC2025CZE;M;5;45
GER00031;WC2025CZE;M;6;40
AUT00020;WC2025CZE;M;7;35
HUN00019;WC2025CZE;M;8;30
FRA00060;WC2025CZE;M;9;25
AUT00018;WC2025CZE;M;10;22
AUT00017;WC2025CZE;M;11;20
CZE00044;WC2025CZE;M;12;18
CZE00047;WC2025CZE;M;13;16
AUT00012;WC2025CZE;M;14;14
SUI00005;WC2025CZE;M;15;12
AUT00016;WC2025CZE;M;16;10
HUN00024;WC2025CZE;M;17;9
GER00087;WC2025CZE;M;18;8
SUI00007;WC2025CZE;M;19;7
AUT00019;WC2025CZE;M;20;6
GER00089;WC2025CZE;M;21;5
CRO00042;WC2025CZE;W;1;80
CRO00055;WC2025CZE;W;2;70
CRO00031;WC2025CZE;W;3;60
FRA00040;WC2025CZE;W;4;50
CRO00004;WC2025CZE;W;5;45
HUN00026;WC2025CZE;W;6;40
CZE00042;WC2025CZE;W;7;35
CZE00030;WC2025CZE;W;8;30
CZE00029;WC2025CZE;W;9;25
CZE00038;WC2025CZE;W;10;22
HUN00028;WC2025CZE;W;11;20
CZE00046;WC2025CZE;W;12;18
HUN00008;WC2025CZE;W;13;16
GER00053;WC2025CZE;W;14;14
CRO00021;WC2025CRO;M;1;160
CRO00036;WC2025CRO;M;2;140
CRO00067;WC2025CRO;M;3;110
FRA00012;WC2025CRO;M;4;90
FRA00060;WC2025CRO;M;5;65
CRO00030;WC2025CRO;M;6;60
AUT00017;WC2025CRO;M;7;50
CRO00057;WC2025CRO;M;8;50
HUN00019;WC2025CRO;M;9;42
CZE00044;WC2025CRO;M;10;40
GER00031;WC2025CRO;M;11;40
CZE00047;WC2025CRO;M;12;36
CRO00025;WC2025CRO;M;13;35
AUT00020;WC2025CRO;M;14;35
AUT00018;WC2025CRO;M;15;32
SUI00005;WC2025CRO;M;16;30
FRA00020;WC2025CRO;M;17;25
AUT00016;WC2025CRO;M;18;24
HUN00024;WC2025CRO;M;19;17
SUI00023;WC2025CRO;M;20;16
SUI00007;WC2025CRO;M;21;16
AUT00012;WC2025CRO;M;22;14
AUT00019;WC2025CRO;M;23;13
GER00089;WC2025CRO;M;24;11
GER00087;WC2025CRO;M;25;8
CRO00055;WC2025CRO;W;1;150
CRO00042;WC2025CRO;W;2;150
FRA00040;WC2025CRO;W;3;110
CRO00031;WC2025CRO;W;4;110
HUN00026;WC2025CRO;W;5;85
CRO00004;WC2025CRO;W;6;85
CZE00042;WC2025CRO;W;7;57
HUN00028;WC2025CRO;W;8;50
CZE00038;WC2025CRO;W;9;47
CZE00046;WC2025CRO;W;10;38
CRO00056;WC2025CRO;W;11;35
GER00053;WC2025CRO;W;12;30
HUN00008;WC2025CRO;W;13;30
CZE00030;WC2025CRO;W;14;30
CZE00029;WC2025CRO;W;15;25
CZE00045;WC2025CRO;W;16;18
CRO00021;WCH2025HUN;M;1;230
CRO00036;WCH2025HUN;M;2;220
CRO00067;WCH2025HUN;M;3;135
FRA00012;WCH2025HUN;M;4;120
CRO00030;WCH2025HUN;M;5;105
FRA00060;WCH2025HUN;M;6;105
CRO00025;WCH2025HUN;M;7;70
CRO00057;WCH2025HUN;M;8;66
CZE00044;WCH2025HUN;M;9;62
AUT00017;WCH2025HUN;M;10;62
FRA00025;WCH2025HUN;M;11;60
FRA00008;WCH2025HUN;M;12;50
HUN00019;WCH2025HUN;M;13;42
GER00031;WCH2025HUN;M;14;40
FRA00020;WCH2025HUN;M;15;39
CZE00047;WCH2025HUN;M;16;36
AUT00020;WCH2025HUN;M;17;35
AUT00016;WCH2025HUN;M;18;32
AUT00018;WCH2025HUN;M;19;32
SUI00005;WCH2025HUN;M;20;30
SUI00023;WCH2025HUN;M;21;25
FRA00055;WCH2025HUN;M;22;20
FRA00063;WCH2025HUN;M;23;18
HUN00024;WCH2025HUN;M;24;17
SUI00007;WCH2025HUN;M;25;16
AUT00012;WCH2025HUN;M;26;14
AUT00019;WCH2025HUN;M;27;13
GER00089;WCH2025HUN;M;28;11
GER00035;WCH2025HUN;M;29;10
GER00087;WCH2025HUN;M;30;8
FRA00061;WCH2025HUN;M;31;7
GER00028;WCH2025HUN;M;32;6
EST00010;WCH2025HUN;M;33;5
CRO00011;WCH2025HUN;M;34;4
EST00031;WCH2025HUN;M;35;3
SUI00022;WCH2025HUN;M;36;2
CRO00060;WCH2025HUN;M;37;1
EST00040;WCH2025HUN;M;38;0
EST00043;WCH2025HUN;M;39;0
EST00041;WCH2025HUN;M;40;0
EST00023;WCH2025HUN;M;41;0
EST00035;WCH2025HUN;M;42;0
HUN00027;WCH2025HUN;M;43;0
EST00044;WCH2025HUN;M;44;0
EST00039;WCH2025HUN;M;45;0
HUN00021;WCH2025HUN;M;46;0
EST00042;WCH2025HUN;M;47;0
CRO00055;WCH2025HUN;W;1;230
CRO00042;WCH2025HUN;W;2;195
CRO00031;WCH2025HUN;W;3;180
FRA00040;WCH2025HUN;W;4;145
HUN00026;WCH2025HUN;W;5;115
CRO00056;WCH2025HUN;W;6;95
CRO00004;WCH2025HUN;W;7;85
CZE00042;WCH2025HUN;W;8;75
CZE00038;WCH2025HUN;W;9;61
HUN00028;WCH2025HUN;W;10;58
FRA00024;WCH2025HUN;W;11;50
CZE00046;WCH2025HUN;W;12;47
FRA00056;WCH2025HUN;W;13;40
CZE00029;WCH2025HUN;W;14;37
HUN00008;WCH2025HUN;W;15;37
GER00053;WCH2025HUN;W;16;30
CZE00030;WCH2025HUN;W;17;30
FRA00034;WCH2025HUN;W;18;25
CZE00045;WCH2025HUN;W;19;23
FRA00062;WCH2025HUN;W;20;22
CRO00059;WCH2025HUN;W;21;20
EST00008;WCH2025HUN;W;22;16
CRO00058;WCH2025HUN;W;23;10
EST00038;WCH2025HUN;W;24;6
EST00045;WCH2025HUN;W;25;4
CRO00036;WCF2025AUT;M;1;300
CRO00021;WCF2025AUT;M;2;290
CRO00030;WCF2025AUT;M;3;175
FRA00012;WCF2025AUT;M;4;160
CRO00067;WCF2025AUT;M;5;160
CZE00044;WCF2025AUT;M;6;107
FRA00060;WCF2025AUT;M;7;105
AUT00017;WCF2025AUT;M;8;82
CRO00025;WCF2025AUT;M;9;70
FRA00063;WCF2025AUT;M;10;68
CZE00047;WCF2025AUT;M;11;66
CRO00057;WCF2025AUT;M;12;66
FRA00025;WCF2025AUT;M;13;60
HUN00019;WCF2025AUT;M;14;56
FRA00008;WCF2025AUT;M;15;50
AUT00018;WCF2025AUT;M;16;48
FRA00061;WCF2025AUT;M;17;42
GER00031;WCF2025AUT;M;18;40
FRA00020;WCF2025AUT;M;19;39
AUT00020;WCF2025AUT;M;20;35
AUT00016;WCF2025AUT;M;21;32
AUT00019;WCF2025AUT;M;22;31
SUI00005;WCF2025AUT;M;23;30
EST00010;WCF2025AUT;M;24;27
SUI00023;WCF2025AUT;M;25;25
FRA00055;WCF2025AUT;M;26;20
GER00087;WCF2025AUT;M;27;18
HUN00024;WCF2025AUT;M;28;17
SUI00007;WCF2025AUT;M;29;16
AUT00012;WCF2025AUT;M;30;14
EST00040;WCF2025AUT;M;31;12
GER00089;WCF2025AUT;M;32;11
GER00035;WCF2025AUT;M;33;10
GER00028;WCF2025AUT;M;34;6
CRO00011;WCF2025AUT;M;35;4
EST00031;WCF2025AUT;M;36;3
SUI00022;WCF2025AUT;M;37;2
CRO00060;WCF2025AUT;M;38;1
EST00043;WCF2025AUT;M;39;0
EST00041;WCF2025AUT;M;40;0
EST00023;WCF2025AUT;M;41;0
EST00035;WCF2025AUT;M;42;0
HUN00027;WCF2025AUT;M;43;0
EST00044;WCF2025AUT;M;44;0
EST00039;WCF2025AUT;M;45;0
HUN00021;WCF2025AUT;M;46;0
EST00042;WCF2025AUT;M;47;0
CRO00055;WCF2025AUT;W;1;310
CRO00031;WCF2025AUT;W;2;230
CRO00042;WCF2025AUT;W;3;195
FRA00040;WCF2025AUT;W;4;190
HUN00026;WCF2025AUT;W;5;185
CRO00056;WCF2025AUT;W;6;155
CZE00042;WCF2025AUT;W;7;105
CRO00004;WCF2025AUT;W;8;85
CZE00038;WCF2025AUT;W;9;83
FRA00056;WCF2025AUT;W;10;80
HUN00028;WCF2025AUT;W;11;74
CZE00029;WCF2025AUT;W;12;72
CZE00046;WCF2025AUT;W;13;67
FRA00024;WCF2025AUT;W;14;50
EST00008;WCF2025AUT;W;15;41
HUN00008;WCF2025AUT;W;16;37
GER00053;WCF2025AUT;W;17;30
CZE00030;WCF2025AUT;W;18;30
FRA00034;WCF2025AUT;W;19;25
EST00038;WCF2025AUT;W;20;24
CZE00045;WCF2025AUT;W;21;23
FRA00062;WCF2025AUT;W;22;22
CRO00059;WCF2025AUT;W;23;20
EST00045;WCF2025AUT;W;24;18
CRO00058;WCF2025AUT;W;25;10
